insert into member(member_id, first_name, last_name, username, password, date_joined) values (0, 'John', 'Doe', 'johndoe', '$2a$13$EcMkFjTT4MQfWuZ1G1GEUuBZMzu6XiBl7961VJjxAUbr.i8HqBiqi', '2023-02-21 00:00:00');
insert into member(member_id, first_name, last_name, username, password, date_joined) values (1, 'Alice', 'Smith', 'smithy', '$2a$13$EcMkFjTT4MQfWuZ1G1GEUuBZMzu6XiBl7961VJjxAUbr.i8HqBiqi', '2023-02-27 00:00:00');
insert into member(member_id, first_name, last_name, username, password, date_joined) values (2, 'David', 'Schmidt', 'dschmidt', '$2a$13$EcMkFjTT4MQfWuZ1G1GEUuBZMzu6XiBl7961VJjxAUbr.i8HqBiqi', '2023-03-01 00:00:00');
insert into member(member_id, first_name, last_name, username, password, date_joined) values (3, 'Harrison', 'Barnes', 'barnesnoble', '$2a$13$EcMkFjTT4MQfWuZ1G1GEUuBZMzu6XiBl7961VJjxAUbr.i8HqBiqi', '2023-03-01 00:00:00');
insert into member(member_id, first_name, last_name, username, password, date_joined) values (4, 'Giles', 'McAfee', 'othermcafee', '$2a$13$EcMkFjTT4MQfWuZ1G1GEUuBZMzu6XiBl7961VJjxAUbr.i8HqBiqi', '2023-03-01 00:00:00');
insert into member(member_id, first_name, last_name, username, password, date_joined) values (5, 'Curt', 'Reyer', 'creyer', '$2a$13$EcMkFjTT4MQfWuZ1G1GEUuBZMzu6XiBl7961VJjxAUbr.i8HqBiqi', '2023-03-02 00:00:00');
insert into member(member_id, first_name, last_name, username, password, date_joined) values (6, 'Howard', 'Van Aalst', 'hvagon', '$2a$13$EcMkFjTT4MQfWuZ1G1GEUuBZMzu6XiBl7961VJjxAUbr.i8HqBiqi', '2023-03-02 00:00:00');
insert into member(member_id, first_name, last_name, username, password, date_joined) values (7, 'Vincent', 'Jérôme', 'vinny', '$2a$13$EcMkFjTT4MQfWuZ1G1GEUuBZMzu6XiBl7961VJjxAUbr.i8HqBiqi', '2023-03-02 00:00:00');
insert into member(member_id, first_name, last_name, username, password, date_joined) values (8, 'Hoyt', 'Dreessen', 'hoytdree', '$2a$13$EcMkFjTT4MQfWuZ1G1GEUuBZMzu6XiBl7961VJjxAUbr.i8HqBiqi', '2023-03-03 00:00:00');
insert into member(member_id, first_name, last_name, username, password, date_joined) values (9, 'Amanda', 'Parks', 'parksnrec', '$2a$13$EcMkFjTT4MQfWuZ1G1GEUuBZMzu6XiBl7961VJjxAUbr.i8HqBiqi', '2023-03-05 00:00:00');
insert into member(member_id, first_name, last_name, username, password, date_joined) values (10, 'Charity', 'Forrest', 'runcharity', '$2a$13$EcMkFjTT4MQfWuZ1G1GEUuBZMzu6XiBl7961VJjxAUbr.i8HqBiqi', '2023-03-05 00:00:00');
insert into member(member_id, first_name, last_name, username, password, date_joined) values (11, 'Heidi', 'Kappel', 'heidikapp', '$2a$13$EcMkFjTT4MQfWuZ1G1GEUuBZMzu6XiBl7961VJjxAUbr.i8HqBiqi', '2023-03-07 00:00:00');

insert into calendar(calendar_id, name, public) values (0, 'My Calendar', true);
insert into calendar(calendar_id, name, public) values (1, 'Family', true);
insert into calendar(calendar_id, name, public) values (2, 'Uni', true);
insert into calendar(calendar_id, name, public) values (3, 'Concerts', true);
insert into calendar(calendar_id, name, public) values (4, 'DnD', true);
insert into calendar(calendar_id, name, public) values (5, 'Work', true);
insert into calendar(calendar_id, name, public) values (6, 'Birthdays', true);
insert into calendar(calendar_id, name, public) values (7, 'Personal', true);
insert into calendar(calendar_id, name, public) values (8, 'Test calendar', true);
insert into calendar(calendar_id, name, public) values (9, 'My calendar', true);
insert into calendar(calendar_id, name, public) values (10, 'My calendar', true);
insert into calendar(calendar_id, name, public) values (11, 'Family', true);
insert into calendar(calendar_id, name, public) values (12, 'My calendar', true);
insert into calendar(calendar_id, name, public) values (13, 'My Calendar', true);
insert into calendar(calendar_id, name, public) values (14, 'Witty calendar name', true);
insert into calendar(calendar_id, name, public) values (15, 'My Calendar', true);
insert into calendar(calendar_id, name, public) values (16, 'Heidi''s calendar', true);

insert into calendar_member(calendar_member_id, member_id, calendar_id, is_owner, auto_subscribed) values (0, 0, 1, false, true);
insert into calendar_member(calendar_member_id, member_id, calendar_id, is_owner, auto_subscribed) values (1, 0, 0, true, false);
insert into calendar_member(calendar_member_id, member_id, calendar_id, is_owner, auto_subscribed) values (2, 1, 0, false, false);
insert into calendar_member(calendar_member_id, member_id, calendar_id, is_owner, auto_subscribed) values (3, 1, 1, true, true);
insert into calendar_member(calendar_member_id, member_id, calendar_id, is_owner, auto_subscribed) values (4, 2, 1, false, true);
insert into calendar_member(calendar_member_id, member_id, calendar_id, is_owner, auto_subscribed) values (5, 1, 2, true, true);
insert into calendar_member(calendar_member_id, member_id, calendar_id, is_owner, auto_subscribed) values (6, 1, 3, true, true);
insert into calendar_member(calendar_member_id, member_id, calendar_id, is_owner, auto_subscribed) values (7, 1, 4, true, true);
insert into calendar_member(calendar_member_id, member_id, calendar_id, is_owner, auto_subscribed) values (8, 1, 5, true, true);
insert into calendar_member(calendar_member_id, member_id, calendar_id, is_owner, auto_subscribed) values (9, 1, 6, true, true);
insert into calendar_member(calendar_member_id, member_id, calendar_id, is_owner, auto_subscribed) values (10, 3, 1, false, true);
insert into calendar_member(calendar_member_id, member_id, calendar_id, is_owner, auto_subscribed) values (11, 4, 1, false, true);
insert into calendar_member(calendar_member_id, member_id, calendar_id, is_owner, auto_subscribed) values (12, 9, 1, false, true);
insert into calendar_member(calendar_member_id, member_id, calendar_id, is_owner, auto_subscribed) values (13, 10, 1, false, true);
insert into calendar_member(calendar_member_id, member_id, calendar_id, is_owner, auto_subscribed) values (14, 6, 2, false, true);
insert into calendar_member(calendar_member_id, member_id, calendar_id, is_owner, auto_subscribed) values (15, 7, 2, false, true);
insert into calendar_member(calendar_member_id, member_id, calendar_id, is_owner, auto_subscribed) values (16, 8, 2, false, true);
insert into calendar_member(calendar_member_id, member_id, calendar_id, is_owner, auto_subscribed) values (17, 11, 2, false, true);
insert into calendar_member(calendar_member_id, member_id, calendar_id, is_owner, auto_subscribed) values (18, 3, 2, false, true);
insert into calendar_member(calendar_member_id, member_id, calendar_id, is_owner, auto_subscribed) values (19, 2, 7, true, true);
insert into calendar_member(calendar_member_id, member_id, calendar_id, is_owner, auto_subscribed) values (20, 3, 8, true, true);
insert into calendar_member(calendar_member_id, member_id, calendar_id, is_owner, auto_subscribed) values (21, 4, 9, true, true);
insert into calendar_member(calendar_member_id, member_id, calendar_id, is_owner, auto_subscribed) values (22, 5, 10, true, true);
insert into calendar_member(calendar_member_id, member_id, calendar_id, is_owner, auto_subscribed) values (23, 6, 11, true, true);
insert into calendar_member(calendar_member_id, member_id, calendar_id, is_owner, auto_subscribed) values (24, 6, 12, true, true);
insert into calendar_member(calendar_member_id, member_id, calendar_id, is_owner, auto_subscribed) values (25, 8, 11, false, true);
insert into calendar_member(calendar_member_id, member_id, calendar_id, is_owner, auto_subscribed) values (26, 7, 12, true, true);
insert into calendar_member(calendar_member_id, member_id, calendar_id, is_owner, auto_subscribed) values (27, 8, 13, true, true);
insert into calendar_member(calendar_member_id, member_id, calendar_id, is_owner, auto_subscribed) values (28, 9, 14, true, true);
insert into calendar_member(calendar_member_id, member_id, calendar_id, is_owner, auto_subscribed) values (29, 10, 15, true, true);
insert into calendar_member(calendar_member_id, member_id, calendar_id, is_owner, auto_subscribed) values (30, 11, 16, true, true);

insert into event(event_id, calendar_id, name, start_time, end_time) values (0, 0, 'Dentist appointment', '2023-03-01 12:00:00', '2023-03-01 13:00:00');
insert into event(event_id, calendar_id, name, start_time, end_time) values (1, 0, 'Check stove', '2023-03-02 13:00:00', '2023-03-02 14:00:00');
insert into event(event_id, calendar_id, name, start_time, end_time) values (2, 1, 'Katie''s birthday', '2023-03-03 12:00:00', '2023-03-03 12:00:00');
insert into event(event_id, calendar_id, name, start_time, end_time) values (3, 1, 'BBQ at Mom and Pop''s', '2023-03-04 11:00:00', '2023-03-04 12:00:00');

insert into event_subscriber(event_subscriber_id, event_id, subscriber_id) values (0, 0, 0);
insert into event_subscriber(event_subscriber_id, event_id, subscriber_id) values (1, 0, 1);
insert into event_subscriber(event_subscriber_id, event_id, subscriber_id) values (2, 1, 0);
insert into event_subscriber(event_subscriber_id, event_id, subscriber_id) values (3, 2, 0);
insert into event_subscriber(event_subscriber_id, event_id, subscriber_id) values (4, 3, 0);

insert into friend_request(request_id, sender_id, receiver_id, accepted) values (0, 0, 1, true);
insert into friend_request(request_id, sender_id, receiver_id, accepted) values (1, 0, 2, true);
insert into friend_request(request_id, sender_id, receiver_id, accepted) values (2, 2, 1, true);
insert into friend_request(request_id, sender_id, receiver_id, accepted) values (3, 5, 1, false);
insert into friend_request(request_id, sender_id, receiver_id, accepted) values (4, 6, 1, true);
insert into friend_request(request_id, sender_id, receiver_id, accepted) values (5, 1, 4, true);
insert into friend_request(request_id, sender_id, receiver_id, accepted) values (6, 1, 7, true);
insert into friend_request(request_id, sender_id, receiver_id, accepted) values (7, 1, 8, true);
insert into friend_request(request_id, sender_id, receiver_id, accepted) values (8, 1, 9, true);
insert into friend_request(request_id, sender_id, receiver_id, accepted) values (9, 10, 1, true);
insert into friend_request(request_id, sender_id, receiver_id, accepted) values (10, 1, 11, true);
insert into friend_request(request_id, sender_id, receiver_id, accepted) values (11, 3, 4, true);
insert into friend_request(request_id, sender_id, receiver_id, accepted) values (12, 3, 9, false);
insert into friend_request(request_id, sender_id, receiver_id, accepted) values (13, 4, 7, true);
insert into friend_request(request_id, sender_id, receiver_id, accepted) values (14, 6, 8, true);
insert into friend_request(request_id, sender_id, receiver_id, accepted) values (15, 10, 4, true);
insert into friend_request(request_id, sender_id, receiver_id, accepted) values (16, 10, 3, true);
insert into friend_request(request_id, sender_id, receiver_id, accepted) values (17, 10, 0, true);
insert into friend_request(request_id, sender_id, receiver_id, accepted) values (18, 10, 9, true);
insert into friend_request(request_id, sender_id, receiver_id, accepted) values (19, 9, 0, true);
insert into friend_request(request_id, sender_id, receiver_id, accepted) values (20, 9, 4, true);

